feature,importance
num__ph,0.1704196828315107
num__humidity,0.17017200178262906
num__temperature,0.16943987825781176
num__N,0.15048182932672247
num__P,0.1460466777633155
num__K,0.12672738940793057
cat__label_lentil,0.004461143249317281
cat__label_watermelon,0.00423535100524338
cat__label_pigeonpeas,0.004070149599206126
cat__label_rice,0.0036886339828479165
cat__label_mothbeans,0.003353630152032166
cat__label_mungbean,0.0032580971239641494
cat__label_maize,0.003248045254800354
cat__label_blackgram,0.0031799426793960683
cat__label_pomegranate,0.0031613727852962564
cat__label_jute,0.003130628039949382
cat__label_coconut,0.0029622295018384153
cat__label_coffee,0.002934474223458776
cat__label_banana,0.0028065015918854927
cat__label_muskmelon,0.002737045532410649
cat__label_mango,0.002734712767215444
cat__label_orange,0.0026321956992254683
cat__label_apple,0.002561612940410254
cat__label_cotton,0.002557652066960378
cat__label_kidneybeans,0.0024285605189876005
cat__label_grapes,0.002334026829112646
cat__label_papaya,0.00233142000473377
cat__label_chickpea,0.0019051150817878965
